{
"Update_Version" : "2.4",
"Update_Message" : "New update Realese on PlayStore",
"Update_Url" : "https://youtube.com/channel/UCr88SiB4SDQhDJZqQm-FV_Q",

"Dialog_Info" : "true",
"Dialog_Message" : "Re-Apply Laser Full Supply it's work version ff ffmax 70.1
Data update 18 February",
"Dialog_Button" : "ok",
"Dialog_Url" : "",
"Dialog_Action" : "false",
"Layout_Message" : "Work for FF&FFMAX version 1.70.1 & 2.71.01 View Tutorial + New added Beatz Token-Ruby laser purple",
"TextView" : "View Head only no HS",
"Data" : "70.1",
"Tutorial" : "true",
"Tutorial_Url" : "https://youtube.com/channel/UCr88SiB4SDQhDJZqQm-FV_Q"
}
