{
"UpdateVersion" : "210",
"UpdateMessage" : "New update Realese on PlayStore",
"UpdateUrl" : "https://play.google.com/store/apps/details?id=com.cyrust.fftools",
"InfoVersion" : "false",
"Visible" : "true",
"InfoMessage" : "Config FF 1.62.6
New App FF Tools Pro 2.2

LINK in DESCRIPTION video",
"InfoButtonOk" : "Update",
"InfoUrl" : "https://play.google.com/store/apps/details?id=com.cyrust.fftools",
"Image" : "",
"Antena" : "assetindexer.PSrlap~2BbZcfMCxyw~2Bt7dClukzYs~3D",
"Config" : "",
"LinkOn" : "true",
"LinkShare" : "https://play.google.com/store/apps/details?id=com.cyrust.fftools",
"LayoutMessage" : "'ANTENA'
'Risk Banned'"
}
