{
"UpdateVersion" : "2.3",
"UpdateMessage" : "New update Realese on PlayStore Support Android 11",
"UpdateUrl" : "https://play.google.com/store/apps/details?id=com.cyrust.fftools",
"InfoVersion" : "false",
"Visible" : "false",
"InfoMessage" : "1.65.3 Full Supply ESP name
Not support Android 11",
"InfoButtonOk" : "ok",
"InfoUrl" : "",
"Image" : "",
"Antena" : "assetindexer.PSrlap~2BbZcfMCxyw~2Bt7dClukzYs~3D",
"Laser" : "resconf.vALOinCaydIjwt7eyr~2BmvP70vuQ~3D",
"LinkOn" : "false",
"LinkShare" : "https://play.google.com/store/apps/details?id=com.cyrust.fftools",
"LayoutMessage" : "Note : Android version 11 can't working
Please don't use Antena on Main Account ! recomend use Guest Account
Update Support version 1.65.3"
}
